{"accessibilityPrompt":true,"alwaysOnTop":false,"arch":"x64","asar":false,"backgroundColor":null,"basicAuthPassword":null,"basicAuthUsername":null,"blockExternalUrls":false,"bounce":false,"buildDate":1620254201796,"clearCache":false,"counter":false,"darwinDarkModeSupport":false,"disableGpu":false,"disableOldBuildWarning":false,"diskCacheSize":null,"electronVersionUsed":"12.0.6","enableEs3Apis":false,"fastQuit":false,"flashPluginDir":null,"fullScreen":false,"globalShortcuts":null,"height":800,"ignoreCertificate":false,"ignoreGpuBlacklist":false,"insecure":false,"internalUrls":null,"isUpgrade":false,"maximize":false,"name":"T3","nativefierVersion":"43.1.2","portable":false,"proxyRules":null,"showMenuBar":false,"singleInstance":false,"targetUrl":"https://t3.tychobra.com/","titleBarStyle":null,"tray":false,"userAgent":"Mozilla/5.0 (Windows NT 10.0; Win64; x64) AppleWebKit/537.36 (KHTML, like Gecko) Chrome/89.0.4389.128 Safari/537.36","userAgentOverriden":false,"width":1280,"widevine":false,"win32metadata":{"ProductName":"T3","InternalName":"T3","FileDescription":"T3"},"zoom":1,"oldBuildWarningText":""}